#,# old,Check,Year,Estudo,Screening,Technology Macro Group,Technology,Category,PP Category,CCT Category,AM Category,1=Powder or 0=Suspension-based,UP Pressure (MPa),CIP Pressure (MPa),HIP (MPa),HIP (1=yes or 0=no),ND (mm),Zr (vol.%),Al (vol.%),Zr + Al (vol.%),0=Al or 1=Zr,PS Zr (µm),PS Al (µm),PS (µm),Additives,Zirconia dopant,Amount of zirconia dopant (mol.%),Sloading (vol.%),ST (ºC),t (h),LS (%),LS s.d.,LS n,VS (%) ,RD (%),RD s.d.,RD n,Gr Zr (µm) ,Gr Zr s.d.,Gr Zr n,Gr Al (µm),Gr Al s.d.,Gr Al n,E (GPa) ,E s.d.,E n,Method E,H (GPa),H s.d.,H n,Method H,Indentation load (N),FS 3pt (MPa),FS 3pt s.d.,FS 3pt n,FS 4pt (MPa),FS 4pt s.d.,FS 4pt n,B3B (MPa),B3B s.d.,B3B n,Weibull (m),Weibull s.d.,Weibull n,ORIGINAL KIc média,ORIGINAL d.p.,KIc (MPa (m)^1/2),KIc s.d.,KIc n,Method KIc,CTE (10-6 ºC-1) ,CTE s.d.,CTE n,K (W/m.K),K s.d.,K n,Observações
1,1,,2002,Aza et al 2002,não encontro,PP,CIP,CIP,,,,1,,200.00,,0,nd,100,0,100,1,0.470,nd,0.470,nd,Y2O3,3.00,nd,1550.0,2.00,nd,nd,nd,nd,98.00,nd,nd,0.70,0.40,nd,nd,nd,nd,nd,nd,nd,,12.65,0.49,nd,vickers,10,nd,nd,nd,nd,nd,nd,nd,nd,nd,nd,nd,nd,5.5 (nd),0.20,5.50,0.20,nd,nd,nd,nd,nd,nd,nd,nd,
2,2,,2002,Aza et al 2002,não encontro,PP,CIP,CIP,,,,1,,200.00,,0,nd,10,90,100,nd,0.470,0.450,nd,nd,Y2O4,3.00,nd,1550.0,2.00,nd,nd,nd,nd,98.00,nd,nd,0.70,0.40,nd,1.70,0.60,nd,nd,nd,nd,,15.00,0.49,nd,vickers,10,nd,nd,nd,nd,nd,nd,nd,nd,nd,nd,nd,nd,5.9 (nd),0.20,5.90,0.20,nd,nd,nd,nd,nd,nd,nd,nd,
3,3,,2002,Aza et al 2002,não encontro,PP,CIP,CIP,,,,1,,200.00,,0,nd,0,100,100,0,0.000,0.450,0.450,nd,Y2O5,3.00,nd,1550.0,2.00,nd,nd,nd,nd,98.00,nd,nd,nd,0.40,nd,1.70,0.60,nd,nd,nd,nd,,15.69,0.49,nd,vickers,10,nd,nd,nd,nd,nd,nd,nd,nd,nd,nd,nd,nd,4.2 (nd),0.20,4.20,0.20,nd,nd,nd,nd,nd,nd,nd,nd,
4,4,,2018,Peng et al 2018,"AM - ME,",AM,Robocasting,Suspension,,,Material Extrusion,0,,,,0,0.41,100,0,100,1,0.380,0.000,0.380,PVA + PEG + CA,Y2O3,3.00,34,1500.0,10.00,33.00,nd,nd,nd,97.30,nd,nd,0.84,0.27,nd,nd,nd,nd,nd,nd,nd,,nd,nd,nd,,,242.80,11.40,nd,nd,nd,nd,nd,nd,nd,nd,nd,nd,nd,nd,nd,nd,nd,,nd,nd,nd,nd,nd,nd,
5,5,,2018,Peng et al 2018,"AM - ME,",AM,Robocasting,Suspension,,,Material Extrusion,0,,,,0,0.41,100,0,100,1,0.380,0.000,0.380,PVA + PEG + CA,Y2O3,3.00,34,1500.0,5.00,33.00,nd,nd,nd,95.60,nd,nd,0.61,0.21,nd,nd,nd,nd,nd,nd,nd,,nd,nd,nd,,,135.00,19.00,nd,nd,nd,nd,nd,nd,nd,nd,nd,nd,nd,nd,nd,nd,nd,,nd,nd,nd,nd,nd,nd,
6,6,,2018,Peng et al 2018,"AM - ME,",AM,Robocasting,Suspension,,,Material Extrusion,0,,,,0,0.41,100,0,100,1,0.380,0.000,0.380,PVA + PEG + CA,Y2O3,3.00,34,1400.0,10.00,33.00,nd,nd,nd,96.00,nd,nd,0.46,0.13,nd,nd,nd,nd,nd,nd,nd,,nd,nd,nd,,,216.30,18.30,nd,nd,nd,nd,nd,nd,nd,nd,nd,nd,nd,nd,nd,nd,nd,,nd,nd,nd,nd,nd,nd,
7,8,Check,2019,Zhang et al 2019,não encontro,AM,Robocasting,Suspension,,,Material Extrusion,0,,,,0,0.41 - 0.08,100,0,100,1,0.300,0.000,0.300,Photocurable Resin Preparation,Y2O3,3.00,33,1500.0,5.00,nd,nd,nd,nd,98.31,nd,nd,nd,nd,nd,nd,nd,nd,nd,nd,nd,,13.35,nd,nd,vickers,49,415.85,nd,nd,nd,nd,nd,nd,nd,nd,nd,nd,nd,nd,nd,nd,nd,nd,,nd,nd,nd,nd,nd,nd,
8,9,Check,2019,Zhang et al 2019,não encontro,AM,Robocasting,Suspension,,,Material Extrusion,0,,,,0,0.41 - 0.08,100,0,100,1,0.300,0.000,0.300,Photocurable Resin Preparation,Y2O3,3.00,33,1500.0,5.00,nd,nd,nd,nd,98.70,nd,nd,nd,nd,nd,nd,nd,nd,nd,nd,nd,,13.08,nd,nd,vickers,49,537.25,nd,nd,nd,nd,nd,nd,nd,nd,nd,nd,nd,nd,nd,nd,nd,nd,,nd,nd,nd,nd,nd,nd,
9,10,Check,2019,Zhang et al 2019,não encontro,AM,Robocasting,Suspension,,,Material Extrusion,0,,,,0,0.41 - 0.08,100,0,100,1,0.300,0.000,0.300,Photocurable Resin Preparation,Y2O3,3.00,33,1500.0,5.00,nd,nd,nd,nd,99.49,nd,nd,nd,nd,nd,nd,nd,nd,nd,nd,nd,,13.97,nd,nd,vickers,49,688.40,nd,nd,nd,nd,nd,nd,nd,nd,nd,nd,nd,nd,nd,nd,nd,nd,,nd,nd,nd,nd,nd,nd,
10,11,,2018,Promakhov et al 2018,não encontro,AM,Robocasting,Suspension,,,Material Extrusion,0,,,,0,0.70,80,20,100,nd,nd,nd,nd,nd,Y2O3,3.00,40,1500.0,1.00,nd,nd,nd,nd,85.00,nd,nd,nd,nd,nd,nd,nd,nd,280.00,25.00,nd,vickers,14.00,nd,nd,vickers,0.1,450.00,70.00,nd,nd,nd,nd,nd,nd,nd,nd,nd,nd,nd,nd,nd,nd,nd,,nd,nd,nd,nd,nd,nd,
11,13,,2016,Feilden et al 2016,"AM - BJ, AM - ME,",AM,Robocasting,Suspension,,,Material Extrusion,0,,,,0,0.41,0,100,100,0,0.000,0.300,0.300,Hydrogel of Pluronic F-127,,,30,1500.0,1.00,nd,nd,nd,nd,97.00,1.00,nd,nd,nd,nd,1.40,nd,nd,nd,nd,nd,,18.60,0.80,nd,vickers,49,nd,nd,nd,232.00,27.00,nd,nd,nd,nd,nd,nd,nd,3.31 (Lawn and Evans),0.23,3.31,0.23,nd,Lawn and Evans,nd,nd,nd,nd,nd,nd,
12,14,,2017,Feilden et al 2017,não encontro,AM,Robocasting,Suspension,,,Material Extrusion,0,,,,0,0.41,0,100,100,0,0.000,0.300,0.300,Hydrogel of Pluronic F-127,,,30,1500.0,1.00,nd,nd,nd,nd,97.00,1.00,nd,nd,nd,nd,1.40,nd,nd,99.10,0.60,nd,IET,nd,nd,nd,,,nd,nd,nd,297.00,nd,nd,nd,nd,nd,nd,nd,nd,3.31 (SENB),0.23,3.31,0.23,nd,SENB,nd,nd,nd,nd,nd,nd,
13,17,,2017,M'Barki et al 2017,"AM - ME,",AM,Robocasting,Suspension,,,Material Extrusion,0,,,,0,0.50,0,100,100,0,0.000,0.240,0.240,nd,,,44,1300.0,1.00,nd,nd,nd,nd,97.00,nd,nd,nd,nd,nd,nd,nd,nd,nd,nd,nd,,nd,nd,nd,,,591.00,149.00,22,nd,nd,nd,nd,nd,nd,nd,nd,nd,nd,nd,nd,nd,nd,,nd,nd,nd,nd,nd,nd,
14,18,,2016,Rueschhoff et al 2016,"AM - ME,",AM,Robocasting,Suspension,,,Material Extrusion,0,,,,0,1.25,0,100,100,0,0.000,0.480,0.480,Darvan (4 vol.%) / PVP (5 vol.%),,,53,1600.0,1.00,nd,nd,nd,nd,98.10,nd,nd,nd,nd,nd,3.49,0.44,nd,nd,nd,nd,,nd,nd,nd,,,147.50,11.20,10,nd,nd,nd,nd,nd,nd,nd,nd,nd,nd,nd,nd,nd,nd,,nd,nd,nd,nd,nd,nd,
15,19,,2016,Rueschhoff et al 2016,"AM - ME,",AM,Robocasting,Suspension,,,Material Extrusion,0,,,,0,1.25,0,100,100,0,0.000,0.480,0.480,Darvan (4 vol.%) / PVP (5 vol.%),,,55,1600.0,1.00,0.20,nd,nd,nd,98.00,nd,nd,nd,nd,nd,3.17,0.37,nd,nd,nd,nd,,nd,nd,nd,,,156.60,17.50,10,nd,nd,nd,nd,nd,nd,nd,nd,nd,nd,nd,nd,nd,nd,,nd,nd,nd,nd,nd,nd,
16,20,,2016,Rueschhoff et al 2016,"AM - ME,",AM,Robocasting,Suspension,,,Material Extrusion,0,,,,0,1.25,0,100,100,0,0.000,0.480,0.480,Darvan (4 vol.%) / PVP (5 vol.%),,,56,1600.0,1.00,nd,nd,nd,nd,98.20,nd,nd,nd,nd,nd,3.71,0.37,nd,nd,nd,nd,,nd,nd,nd,,,133.60,17.80,10,nd,nd,nd,nd,nd,nd,nd,nd,nd,nd,nd,nd,nd,nd,,nd,nd,nd,nd,nd,nd,
17,23,,2017,Ghazanfari et al 2017,"AM - BJ, AM - ME,",AM,CODE,Suspension,,,Material Extrusion,0,,,,0,nd,100,0,100,1,nd,0.000,nd,Dolapix CE 64/NH3,Y2O3,8.00,50,1500.0,1.00,nd,nd,nd,53.20,98.00,nd,nd,nd,nd,nd,nd,nd,nd,nd,nd,nd,,14.30,0.30,5,vickers,4.91,nd,nd,nd,nd,nd,nd,nd,nd,nd,8.33,nd,nd,3.37 (Liang),0.09,3.37,0.09,8,Liang,nd,nd,nd,nd,nd,nd,
18,24,,2017,Ghazanfari et al 2017,"AM - BJ, AM - ME,",AM,CODE,Suspension,,,Material Extrusion,0,,,,0,nd,100,0,100,1,nd,0.000,nd,Dolapix CE 64/NH3,Y2O3,8.00,50,1500.0,1.50,nd,nd,nd,53.20,98.00,nd,nd,nd,nd,nd,nd,nd,nd,nd,nd,nd,,14.50,0.20,5,vickers,4.91,nd,nd,nd,nd,nd,nd,nd,nd,nd,8.33,nd,nd,3.62 (Liang),0.17,3.62,0.17,8,Liang,nd,nd,nd,nd,nd,nd,
19,25,,2017,Ghazanfari et al 2017,"AM - BJ, AM - ME,",AM,CODE,Suspension,,,Material Extrusion,0,,,,0,nd,100,0,100,1,nd,0.000,nd,Dolapix CE 64/NH3,Y2O3,8.00,50,1500.0,2.50,nd,nd,nd,53.20,98.00,nd,nd,nd,nd,nd,nd,nd,nd,195.00,8.00,5,EBBT,15.30,0.40,5,vickers,4.91,nd,nd,nd,232.00,55.00,nd,nd,nd,nd,8.33,nd,nd,"3.02 (Liang), 2.1 (CNB)","0.24, 0.1",3.02,0.24,8,Liang,nd,nd,nd,nd,nd,nd,
20,26,,2017,Ghazanfari et al 2017,"AM - BJ, AM - ME,",AM,CODE,Suspension,,,Material Extrusion,0,,,,0,nd,100,0,100,1,nd,0.000,nd,Dolapix CE 64/NH3,Y2O3,8.00,50,1550.0,0.50,nd,nd,nd,53.20,98.00,nd,nd,nd,nd,nd,nd,nd,nd,208.00,6.00,5,EBBT,14.50,0.20,5,vickers,4.91,nd,nd,nd,278.00,59.00,nd,nd,nd,nd,8.33,nd,nd,"3.61 (Liang), 2.5 (CNB)","0.08, 0.1 ",3.61,0.08,8,Liang,nd,nd,nd,nd,nd,nd,
21,27,,2017,Ghazanfari et al 2017,"AM - BJ, AM - ME,",AM,CODE,Suspension,,,Material Extrusion,0,,,,0,nd,100,0,100,1,nd,0.000,nd,Dolapix CE 64/NH3,Y2O3,8.00,50,1550.0,0.80,nd,nd,nd,53.20,98.00,nd,nd,nd,nd,nd,nd,nd,nd,nd,nd,nd,,14.30,0.10,5,vickers,4.91,nd,nd,nd,nd,nd,nd,nd,nd,nd,8.33,nd,nd,3.5 (Liang),0.16,3.50,0.16,8,Liang,nd,nd,nd,nd,nd,nd,
22,28,,2017,Ghazanfari et al 2017,"AM - BJ, AM - ME,",AM,CODE,Suspension,,,Material Extrusion,0,,,,0,nd,100,0,100,1,nd,0.000,nd,Dolapix CE 64/NH3,Y2O3,8.00,50,1600.0,0.50,nd,nd,nd,53.20,98.00,nd,nd,nd,nd,nd,nd,nd,nd,nd,nd,nd,,15.40,0.20,5,vickers,4.91,nd,nd,nd,nd,nd,nd,nd,nd,nd,8.33,nd,nd,2.95 (Liang),0.11,2.95,0.11,8,Liang,nd,nd,nd,nd,nd,nd,
23,29,,2018,Li et al 2018,"AM - Vat P, AM - ME, AM - PBF, AM - MJ,",AM,CODE,Suspension,,,Material Extrusion,0,,,,0,nd,100,0,100,1,0.040,0.000,0.040,Dolapix CE64 (5 wt%),Y2O3,3.00,50,1350.0,1.00,20.26,0.13,5,50.00,99.11,0.31,3,0.81,nd,494,nd,nd,nd,nd,nd,nd,,14.20,0.19,18,vickers,98.07,nd,nd,nd,nd,nd,nd,nd,nd,nd,nd,nd,nd,3.5 (Anstis),0.04,3.50,0.04,6,Anstis,nd,nd,nd,nd,nd,nd,
24,30,,2018,Li et al 2018,"AM - Vat P, AM - ME, AM - PBF, AM - MJ,",AM,CODE,Suspension,,,Material Extrusion,0,,,,0,nd,100,0,100,1,0.040,0.000,0.040,Dolapix CE64 (5 wt%),Y2O3,3.00,50,1350.0,2.00,20.26,0.13,5,50.00,99.52,0.01,3,0.81,nd,494,nd,nd,nd,nd,nd,nd,,14.10,0.09,18,vickers,98.07,nd,nd,nd,nd,nd,nd,nd,nd,nd,nd,nd,nd,3.5 (Anstis),0.05,3.50,0.05,6,Anstis,nd,nd,nd,nd,nd,nd,
25,31,,2018,Li et al 2018,"AM - Vat P, AM - ME, AM - PBF, AM - MJ,",AM,CODE,Suspension,,,Material Extrusion,0,,,,0,nd,100,0,100,1,0.040,0.000,0.040,Dolapix CE64 (5 wt%),Y2O3,3.00,50,1450.0,0.50,20.26,0.13,5,50.00,99.47,0.07,3,0.81,nd,494,nd,nd,nd,nd,nd,nd,,13.90,0.21,18,vickers,98.07,nd,nd,nd,nd,nd,nd,nd,nd,nd,nd,nd,nd,3.7 (Anstis),0.09,3.70,0.09,6,Anstis,nd,nd,nd,nd,nd,nd,
26,32,,2018,Li et al 2018,"AM - Vat P, AM - ME, AM - PBF, AM - MJ,",AM,CODE,Suspension,,,Material Extrusion,0,,,,0,nd,100,0,100,1,0.040,0.000,0.040,Dolapix CE64 (5 wt%),Y2O3,3.00,50,1450.0,1.00,20.26,0.13,5,50.00,99.32,0.13,3,0.81,nd,494,nd,nd,nd,nd,nd,nd,,13.70,0.16,18,vickers,98.07,nd,nd,nd,nd,nd,nd,nd,nd,nd,nd,nd,nd,3.8 (Anstis),0.07,3.80,0.07,6,Anstis,nd,nd,nd,nd,nd,nd,
27,33,,2018,Li et al 2018,"AM - Vat P, AM - ME, AM - PBF, AM - MJ,",AM,CODE,Suspension,,,Material Extrusion,0,,,,0,nd,100,0,100,1,0.040,0.000,0.040,Dolapix CE64 (5 wt%),Y2O3,3.00,50,1500.0,0.50,20.26,0.13,5,50.00,99.22,0.22,3,0.81,nd,494,nd,nd,nd,nd,nd,nd,,13.80,0.24,18,vickers,98.07,nd,nd,nd,nd,nd,nd,nd,nd,nd,nd,nd,nd,3.8 (Anstis),0.14,3.80,0.14,6,Anstis,nd,nd,nd,nd,nd,nd,
28,34,,2018,Li et al 2018,"AM - Vat P, AM - ME, AM - PBF, AM - MJ,",AM,CODE,Suspension,,,Material Extrusion,0,,,,0,nd,100,0,100,1,0.040,0.000,0.040,Dolapix CE64 (5 wt%),Y2O3,3.00,50,1500.0,1.00,20.26,0.13,5,50.00,99.10,0.12,3,0.81,nd,494,nd,nd,nd,nd,nd,nd,,13.80,0.12,18,vickers,98.07,nd,nd,nd,nd,nd,nd,nd,nd,nd,nd,nd,nd,3.7 (Anstis),0.06,3.70,0.06,6,Anstis,nd,nd,nd,nd,nd,nd,
29,35,,2018,Li et al 2018,"AM - Vat P, AM - ME, AM - PBF, AM - MJ,",AM,CODE,Suspension,,,Material Extrusion,0,,,,0,nd,100,0,100,1,0.040,0.000,0.040,Dolapix CE64 (5 wt%),Y2O3,3.00,50,1550.0,0.50,20.26,0.13,5,50.00,99.09,0.04,3,0.81,nd,494,nd,nd,nd,nd,nd,nd,,13.40,0.35,18,vickers,98.07,nd,nd,nd,nd,nd,nd,nd,nd,nd,nd,nd,nd,4 (Anstis),0.07,4.00,0.07,6,Anstis,nd,nd,nd,nd,nd,nd,
30,36,,2018,Li et al 2018,"AM - Vat P, AM - ME, AM - PBF, AM - MJ,",AM,CODE,Suspension,,,Material Extrusion,0,,,,0,nd,100,0,100,1,0.040,0.000,0.040,Dolapix CE64 (5 wt%),Y2O3,3.00,50,1550.0,1.00,20.26,0.13,5,50.00,99.16,0.09,3,0.81,nd,494,nd,nd,nd,221.00,12.30,10,EBBT,13.10,0.14,18,vickers,98.07,715.00,nd,10,563.00,nd,10,nd,nd,nd,7.90,nd,29,4.3 (Anstis),0.08,4.30,0.08,6,Anstis,nd,nd,nd,nd,nd,nd,
31,37,,2017,Ghazanfari et al 2017 (a),"AM - ME,",AM,CODE,Suspension,,,Material Extrusion,0,,,,0,nd,0,100,100,0,0.000,0.340,0.340,Darvan / Methylcellulose,,,60,1550.0,1.50,nd,nd,nd,42.10,98.00,nd,nd,nd,nd,nd,2.10,nd,nd,371.00,14.00,20,EBBT,19.80,0.60,20,vickers,4.91,nd,nd,nd,364.00,50,24,nd,nd,nd,8.30,nd,nd,4.5 (CNB),0.10,4.50,0.10,6,CNB,nd,nd,nd,nd,nd,nd,
32,38,Check,2017,Li et al 2017,não encontro,AM,CODE,Suspension,,,Material Extrusion,0,,,,0,0.61,0,100,100,0,0.000,nd,nd,DolapixCE64/PEG 400/methocellulose,,,55,1500.0,1.00,nd,nd,nd,17.00,97.50,nd,nd,nd,nd,nd,nd,nd,nd,nd,nd,nd,,nd,nd,nd,,,nd,nd,nd,nd,nd,nd,nd,nd,nd,nd,nd,nd,nd,nd,nd,nd,nd,,nd,nd,nd,nd,nd,nd,
33,44,Check,2006,Cesari et al 2006,não encontro,CCT,Slip Casting,Slip Casting,,SC,,0,,,,0,nd,100,0,100,1,0.200,0.000,0.200,nd,Y2O3,3.00,49.0,1550.0,nd,nd,nd,nd,nd,100.00,nd,nd,0.74,nd,nd,nd,nd,nd,205.00,nd,20,EBBT,13.30,nd,nd,vickers,196.2,nd,nd,nd,766.00,nd,20,nd,nd,nd,11.70,nd,10,4.3 (Anstis),nd,4.30,nd,nd,Anstis,nd,nd,nd,nd,nd,nd,
34,45,Check,2006,Cesari et al 2006,não encontro,CCT,Slip Casting,Slip Casting,,SC,,0,,,,0,nd,72,28,100,nd,0.100,0.300,nd,nd,Y2O3,3.00,49.0,1550.0,nd,nd,nd,nd,nd,100.00,nd,nd,0.60,nd,nd,0.68,nd,nd,246.00,nd,20,EBBT,14.30,nd,nd,vickers,196,nd,nd,nd,811.00,nd,20,nd,nd,nd,13.30,nd,10,5 (Anstis),nd,5.00,nd,nd,Anstis,nd,nd,nd,nd,nd,nd,
35,46,Check,2006,Cesari et al 2006,não encontro,CCT,Slip Casting,Slip Casting,,SC,,0,,,,0,nd,49,51,100,nd,0.300,0.300,nd,nd,Y2O3,3.00,49.0,1550.0,nd,nd,nd,nd,nd,100.00,nd,nd,0.36,nd,nd,0.29,nd,nd,285.00,nd,20,EBBT,15.10,nd,nd,vickers,196,nd,nd,nd,912.00,nd,20,nd,nd,nd,7.30,nd,10,5.2 (Anstis),nd,5.20,nd,nd,Anstis,nd,nd,nd,nd,nd,nd,
36,47,Check,2006,Cesari et al 2006,não encontro,CCT,Slip Casting,Slip Casting,,SC,,0,,,,0,nd,30,70,100,nd,0.300,0.300,nd,nd,Y2O3,3.00,49.0,1550.0,nd,nd,nd,nd,nd,99.60,nd,nd,0.25,nd,nd,0.37,nd,nd,316.00,nd,20,EBBT,16.40,nd,nd,vickers,196,nd,nd,nd,834.00,nd,20,nd,nd,nd,11.40,nd,10,3.6 (Anstis),nd,3.60,nd,nd,Anstis,nd,nd,nd,nd,nd,nd,
37,48,Check,2006,Cesari et al 2006,não encontro,CCT,Slip Casting,Slip Casting,,SC,,0,,,,0,nd,14,86,100,nd,0.100,0.300,nd,nd,Y2O3,3.00,49.0,1550.0,nd,nd,nd,nd,nd,100.00,nd,nd,0.25,nd,nd,0.60,nd,nd,348.00,nd,20,EBBT,17.80,nd,nd,vickers,196,nd,nd,nd,717.00,nd,20,nd,nd,nd,7.70,nd,10,4.1 (Anstis),nd,4.10,nd,nd,Anstis,nd,nd,nd,nd,nd,nd,
38,49,Check,2006,Cesari et al 2006,não encontro,CCT,Slip Casting,Slip Casting,,SC,,0,,,,0,nd,0,100,100,0,0.000,0.200,0.200,nd,,,49.0,1550.0,nd,nd,nd,nd,nd,100.00,nd,nd,nd,nd,nd,3.40,nd,nd,356.00,nd,20,EBBT,18.30,nd,nd,vickers,196,nd,nd,nd,436.00,nd,20,nd,nd,nd,9.70,nd,nd,4.2 (Anstis),nd,4.20,nd,nd,Anstis,nd,nd,nd,nd,nd,nd,
39,50,,2009,Olhero et al 2009,"CCT - Slipcasting,",CCT,Slip Casting,Slip Casting,,SC,,0,,,,0,nd,49,51,100,nd,0.430,0.800,nd,Dolapix CE64 (0.4 wt%),Y2O3,3.00,50.0,1600.0,1.00,13.23,0.85,nd,nd,96.57,nd,nd,nd,nd,nd,nd,nd,nd,nd,nd,nd,,12.39,0.08,nd,vickers,98.07,509.00,55.90,nd,nd,nd,nd,nd,nd,nd,nd,nd,nd,4.92 (Evans and Charles),0.48,4.92,0.48,nd,Evans and Charles,nd,nd,nd,nd,nd,nd,
40,51,,2009,Olhero et al 2009,"CCT - Slipcasting,",CCT,Slip Casting,Slip Casting,,SC,,0,,,,0,nd,22,78,100,nd,0.430,0.800,nd,Dolapix CE64 (0.4 wt%),Y2O3,3.00,50.0,1600.0,1.00,21.51,0.77,nd,nd,95.74,nd,nd,nd,nd,nd,nd,nd,nd,nd,nd,nd,,14.08,0.24,nd,vickers,98.07,409.90,9.40,nd,nd,nd,nd,nd,nd,nd,nd,nd,nd,4.64 (Evans and Charles),0.19,4.64,0.19,nd,Evans and Charles,nd,nd,nd,nd,nd,nd,
41,52,,2009,Ebert et al 2009,"AM - MJ,",AM,DIP,Suspension,,,Material Jetting,0,,,,0,0.03,100,0,100,1,0.090,0.000,0.090,Boehmite (nd %),Y2O3,3.00,27,1450.0,2.50,20.00,nd,nd,sim,96.90,nd,nd,nd,nd,nd,nd,nd,nd,nd,nd,nd,,nd,nd,nd,,,nd,nd,nd,763.00,268.25,21,nd,nd,nd,nd,nd,nd,6.7 (SEVNB),1.60,6.70,1.60,4,SEVNB,nd,nd,nd,nd,nd,nd,
42,53,,2018,Moradkhani et al 2018 ,"CCT - Slipcasting,",CCT,Slip Casting,Slip Casting,,SC,,0,,,,0,nd,20,80,100,nd,0.400,0.350,nd,Dolapix CE67,Y2O3,3.00,47.0,1650.0,3.00,nd,nd,nd,nd,98.00,0.30,nd,nd,nd,nd,nd,nd,nd,297.00,4.00,nd,IET,18.10,0.50,nd,vickers,0.75,291.00,nd,nd,nd,nd,nd,nd,nd,nd,nd,nd,nd,5.85 (SELNB),0.35,5.85,0.35,nd,SELNB,nd,nd,nd,nd,nd,nd,
43,54,,2018,Moradkhani et al 2018 ,"CCT - Slipcasting,",CCT,Slip Casting,Slip Casting,,SC,,0,,,,0,nd,20,80,100,nd,0.400,0.350,nd,Dolapix CE67,Y2O3,3.00,47.0,1550.0,3.00,nd,nd,nd,nd,95.00,0.40,nd,nd,nd,nd,nd,nd,nd,289.00,6.00,nd,IET,16.80,0.80,nd,vickers,0.75,250.00,nd,nd,nd,nd,nd,nd,nd,nd,nd,nd,nd,5.35 (SELNB),0.55,5.35,0.55,nd,SELNB,nd,nd,nd,nd,nd,nd,
44,55,,2018,Moradkhani et al 2018 ,"CCT - Slipcasting,",CCT,Slip Casting,Slip Casting,,SC,,0,,,,0,nd,15,85,100,nd,0.400,0.350,nd,Dolapix CE66,Y2O3,3.00,47.0,1650.0,3.00,nd,nd,nd,nd,98.70,0.40,nd,nd,nd,nd,nd,nd,nd,336.00,11.00,nd,IET,21.50,0.50,nd,vickers,0.75,300.00,nd,nd,nd,nd,nd,nd,nd,nd,nd,nd,nd,5.3 (SELNB),0.40,5.30,0.40,nd,SELNB,nd,nd,nd,nd,nd,nd,
45,56,,2018,Moradkhani et al 2018 ,"CCT - Slipcasting,",CCT,Slip Casting,Slip Casting,,SC,,0,,,,0,nd,15,85,100,nd,0.400,0.350,nd,Dolapix CE66,Y2O3,3.00,47.0,1550.0,3.00,nd,nd,nd,nd,96.40,0.50,nd,nd,nd,nd,nd,nd,nd,333.00,10.00,nd,IET,18.70,0.30,nd,vickers,0.75,270.00,nd,nd,nd,nd,nd,nd,nd,nd,nd,nd,nd,4.85 (SELNB),0.45,4.85,0.45,nd,SELNB,nd,nd,nd,nd,nd,nd,
46,57,,2018,Moradkhani et al 2018 ,"CCT - Slipcasting,",CCT,Slip Casting,Slip Casting,,SC,,0,,,,0,nd,10,90,100,nd,0.400,0.350,nd,Dolapix CE65,Y2O3,3.00,47.0,1650.0,3.00,nd,nd,nd,nd,99.10,0.30,nd,nd,nd,nd,nd,nd,nd,381.00,8.00,nd,IET,25.40,0.50,nd,vickers,0.75,308.00,nd,nd,nd,nd,nd,nd,nd,nd,nd,nd,nd,4.55 (SELNB),0.45,4.55,0.45,nd,SELNB,nd,nd,nd,nd,nd,nd,
47,58,,2018,Moradkhani et al 2018 ,"CCT - Slipcasting,",CCT,Slip Casting,Slip Casting,,SC,,0,,,,0,nd,10,90,100,nd,0.400,0.350,nd,Dolapix CE65,Y2O3,3.00,47.0,1550.0,3.00,nd,nd,nd,nd,97.10,0.30,nd,nd,nd,nd,nd,nd,nd,376.00,8.00,nd,IET,21.10,0.60,nd,vickers,0.75,287.00,nd,nd,nd,nd,nd,nd,nd,nd,nd,nd,nd,4.3 (SELNB),0.30,4.30,0.30,nd,SELNB,nd,nd,nd,nd,nd,nd,
48,59,,2018,Moradkhani et al 2018 ,"CCT - Slipcasting,",CCT,Slip Casting,Slip Casting,,SC,,0,,,,0,nd,5,95,100,nd,0.400,0.350,nd,Dolapix CE64,Y2O3,3.00,47.0,1650.0,3.00,nd,nd,nd,nd,99.80,0.10,nd,nd,nd,nd,nd,nd,nd,401.00,12.00,nd,IET,28.60,0.40,nd,vickers,0.75,312.00,nd,nd,nd,nd,nd,nd,nd,nd,nd,nd,nd,4.05 (SELNB),0.35,4.05,0.35,nd,SELNB,nd,nd,nd,nd,nd,nd,
49,60,,2018,Moradkhani et al 2018 ,"CCT - Slipcasting,",CCT,Slip Casting,Slip Casting,,SC,,0,,,,0,nd,5,95,100,nd,0.400,0.350,nd,Dolapix CE64,Y2O3,3.00,47.0,1550.0,3.00,nd,nd,nd,nd,98.20,0.30,nd,nd,nd,nd,nd,nd,nd,401.00,3.00,nd,IET,26.30,0.40,nd,vickers,0.75,290.00,nd,nd,nd,nd,nd,nd,nd,nd,nd,nd,nd,3.7 (SELNB),0.30,3.70,0.30,nd,SELNB,nd,nd,nd,nd,nd,nd,
50,61,,2012,Ozkol et al 2012,não encontro,CCT,Slip Casting,Slip Casting,,SC,,0,,,,0,nd,100,0,100,1,0.630,0.000,0.630,Dolapix CE64 (0.5 wt%),Y2O3,3.00,40.0,1450.0,2.50,nd,nd,nd,nd,nd,nd,nd,nd,nd,nd,nd,nd,nd,nd,nd,nd,,nd,nd,nd,,,nd,nd,nd,612.00,111.33,10,nd,nd,nd,nd,nd,nd,nd,nd,nd,nd,nd,,nd,nd,nd,nd,nd,nd,
51,62,,2012,Ozkol et al 2012,não encontro,AM,DIP,Suspension,,,Material Jetting,0,,,,0,nd,100,0,100,1,0.630,0.000,0.630,Dolapix CE64 (1 wt%) + Polyols (25vol%),Y2O3,3.00,27,1450.0,2.50,nd,nd,nd,nd,96.20,nd,nd,nd,nd,nd,nd,nd,nd,nd,nd,nd,,nd,nd,nd,,,nd,nd,nd,843.00,258.82,34,nd,nd,nd,nd,nd,nd,nd,nd,nd,nd,nd,,nd,nd,nd,nd,nd,nd,
52,63,,2016,Fan et al 2016,"CCT - Slipcasting,",CCT,Slip Casting,Slip Casting,,SC,,0,,,,0,nd,40,60,100,nd,0.400,0.350,nd,Dolapix CE65,Y2O3,3.00,47.0,1500.0,2.00,nd,nd,nd,nd,98.70,0.20,nd,0.40,0.20,nd,1.00,0.20,nd,340.00,8.00,nd,berkovich,15.60,0.20,nd,vickers,100,nd,nd,nd,nd,nd,nd,nd,nd,nd,nd,nd,nd,"5.4 (SELNB), 6.5 (Shetty), 8.1 (Niihara), 7.1 (Lankford)","0.8, 0.2, 0.2, 0.4",8.10,0.20,nd,Niihara,nd,nd,nd,nd,nd,nd,
53,64,,2016,Fan et al 2016,"CCT - Slipcasting,",CCT,Slip Casting,Slip Casting,,SC,,0,,,,0,nd,5,95,100,nd,0.400,0.350,nd,Dolapix CE65,Y2O3,3.00,47.0,1500.0,2.00,nd,nd,nd,nd,98.40,0.10,nd,0.30,0.10,nd,1.90,0.30,nd,410.00,20.00,nd,berkovich,17.50,0.20,nd,vickers,100,nd,nd,nd,nd,nd,nd,nd,nd,nd,nd,nd,nd,"4.2 (SELNB), 3.4 (Anstis), 3.5 (Laugier), 5.4 (Lankford)","0.2, 0.2, 0.2, 0.2",3.40,0.20,nd,Anstis,nd,nd,nd,nd,nd,nd,
54,65,,2012,Tang et al 2012,não encontro,PP,UP + CIP,UP + CIP,,,,1,100.00,150.00,,0,nd,30,70,100,nd,nd,nd,nd,ethanol,Y2O3,3.00,nd,1600.0,2.00,nd,nd,nd,nd,nd,nd,nd,nd,nd,nd,nd,nd,nd,334.00,nd,nd,IET,20.30,nd,nd,vickers,98,nd,nd,nd,1010.00,nd,nd,nd,nd,nd,nd,nd,nd,8.9 (SEVNB),nd,8.90,nd,nd,SEVNB,nd,nd,nd,nd,nd,nd,
55,66,,2012,Tang et al 2012,não encontro,PP,UP + CIP,UP + CIP,,,,1,100.00,150.00,,0,nd,20,80,100,nd,nd,nd,nd,ethanol,Y2O3,3.00,nd,1600.0,2.00,nd,nd,nd,nd,nd,nd,nd,nd,nd,nd,nd,nd,nd,358.00,nd,nd,IET,19.22,nd,nd,vickers,98,nd,nd,nd,990.00,nd,nd,nd,nd,nd,7.80,nd,nd,7 (SEVNB),nd,7.00,nd,nd,SEVNB,nd,nd,nd,nd,nd,nd,
56,67,,2012,Tang et al 2012,não encontro,PP,UP + CIP,UP + CIP,,,,1,100.00,150.00,,0,nd,10,90,100,nd,nd,nd,nd,ethanol,Y2O3,3.00,nd,1600.0,2.00,nd,nd,nd,nd,nd,nd,nd,nd,nd,nd,nd,nd,nd,381.00,nd,nd,IET,18.73,nd,nd,vickers,98,nd,nd,nd,690.00,nd,nd,nd,nd,nd,nd,nd,nd,5.7 (SEVNB),nd,5.70,nd,nd,SEVNB,nd,nd,nd,nd,nd,nd,
57,68,,2012,Tang et al 2012,não encontro,PP,UP + CIP,UP + CIP,,,,1,100.00,150.00,,0,nd,0,100,100,0,0.000,nd,nd,ethanol,,,nd,1600.0,2.00,nd,nd,nd,nd,nd,nd,nd,nd,nd,nd,nd,nd,nd,394.00,nd,nd,IET,18.04,nd,nd,vickers,98,nd,nd,nd,500.00,nd,nd,nd,nd,nd,6.78,nd,nd,5 (SEVNB),nd,5.00,nd,nd,SEVNB,nd,nd,nd,nd,nd,nd,
58,69,,2016,P?dzich et al 2016,não encontro,PP,UP + CIP,UP + CIP,,,,1,50.00,300.00,,0,nd,50,50,100,nd,nd,nd,nd,nd,Y2O3,3.00,nd,1500.0,2.00,nd,nd,nd,nd,98.96,0.16,nd,nd,nd,nd,nd,nd,nd,nd,nd,nd,,nd,nd,nd,,,nd,nd,nd,nd,nd,nd,907.87,135.64,nd,nd,nd,nd,6.57 (SEBN),0.11,6.57,0.11,nd,SEBN,nd,nd,nd,nd,nd,nd,
59,70,,2016,P?dzich et al 2016,não encontro,PP,UP + CIP,UP + CIP,,,,1,50.00,300.00,,0,nd,35,65,100,nd,nd,nd,nd,nd,Y2O3,3.00,nd,1500.0,2.00,nd,nd,nd,nd,99.04,0.03,nd,nd,nd,nd,nd,nd,nd,nd,nd,nd,,nd,nd,nd,,,nd,nd,nd,nd,nd,nd,780.61,106.25,nd,nd,nd,nd,4.84 (SEBN),0.34,4.84,0.34,nd,SEBN,nd,nd,nd,nd,nd,nd,
60,71,,2016,P?dzich et al 2016,não encontro,PP,UP + CIP,UP + CIP,,,,1,50.00,300.00,,0,nd,15,85,100,nd,nd,nd,nd,nd,Y2O3,3.00,nd,1500.0,2.00,nd,nd,nd,nd,98.99,0.20,nd,nd,nd,nd,nd,nd,nd,nd,nd,nd,,nd,nd,nd,,,nd,nd,nd,nd,nd,nd,722.36,79.08,nd,nd,nd,nd,5.88 (SEBN),0.14,5.88,0.14,nd,SEBN,nd,nd,nd,nd,nd,nd,
61,72,,2016,P?dzich et al 2016,não encontro,PP,UP + CIP,UP + CIP,,,,1,50.00,300.00,,0,nd,5,95,100,nd,nd,nd,nd,nd,Y2O3,3.00,nd,1400.0,2.00,nd,nd,nd,nd,98.55,0.36,nd,nd,nd,nd,nd,nd,nd,nd,nd,nd,,nd,nd,nd,,,nd,nd,nd,nd,nd,nd,561.14,67.60,nd,nd,nd,nd,4.83 (SEBN),0.40,4.83,0.40,nd,SEBN,nd,nd,nd,nd,nd,nd,
62,73,,2016,P?dzich et al 2016,não encontro,PP,UP + CIP,UP + CIP,,,,1,50.00,300.00,,0,nd,0,100,100,0,0.000,nd,nd,nd,,,nd,1400.0,2.00,nd,nd,nd,nd,99.28,0.05,nd,nd,nd,nd,nd,nd,nd,nd,nd,nd,,nd,nd,nd,,,nd,nd,nd,nd,nd,nd,413.04,103.35,nd,nd,nd,nd,4.34 (SEBN),0.20,4.34,0.20,nd,SEBN,nd,nd,nd,nd,nd,nd,
63,74,,2017,Sequeira et al 2017,"PPT - Isostatic,",PP,UP + CIP,UP + CIP,,,,1,70.00,450.00,,0,nd,85,15,100,nd,0.250,0.250,nd,nd,Y2O3,3.00,nd,1400.0,3.00,nd,nd,nd,nd,98.00,nd,nd,0.34,0.02,nd,0.36,0.02,nd,nd,nd,nd,,14.00,nd,nd,vickers,9.8,nd,nd,nd,nd,nd,nd,1400.00,nd,nd,nd,nd,nd,5.1 (Niihara),nd,5.10,nd,nd,Niihara,nd,nd,nd,nd,nd,nd,
64,75,,2017,Sequeira et al 2017,"PPT - Isostatic,",PP,UP + CIP,UP + CIP,,,,1,70.00,450.00,,0,nd,79,21,100,nd,0.250,0.250,nd,nd,Y2O3,3.00,nd,1400.0,3.00,nd,nd,nd,nd,99.30,nd,nd,0.37,0.01,nd,0.34,0.01,nd,nd,nd,nd,,14.25,nd,nd,vickers,9.8,nd,nd,nd,nd,nd,nd,1300.00,nd,nd,nd,nd,nd,5 (Niihara),nd,5.00,nd,nd,Niihara,nd,nd,nd,nd,nd,nd,
65,76,,2017,Sequeira et al 2017,"PPT - Isostatic,",PP,UP + CIP,UP + CIP,,,,1,70.00,450.00,,0,nd,72,28,100,nd,0.250,0.250,nd,nd,Y2O3,3.00,nd,1400.0,3.00,nd,nd,nd,nd,98.50,nd,nd,0.35,0.00,nd,0.36,0.01,nd,nd,nd,nd,,15.00,nd,nd,vickers,9.8,nd,nd,nd,nd,nd,nd,1210.00,nd,nd,nd,nd,nd,4.9 (Niihara),nd,4.90,nd,nd,Niihara,nd,nd,nd,nd,nd,nd,
66,77,,2018,Maji et al 2018,não encontro,PP,UP + CIP,UP + CIP,,,,1,nd,nd,,0,nd,100,0,100,1,0.200,0.000,0.200,nd,Y2O3,3.00,nd,1650.0,2.00,nd,nd,nd,nd,nd,nd,nd,0.36,nd,nd,nd,nd,nd,nd,nd,nd,,12.70,0.60,nd,vickers,49,nd,nd,nd,nd,nd,nd,nd,nd,nd,nd,nd,nd,7 (SEPNB),0.30,7.00,0.30,nd,SEPNB,nd,nd,nd,nd,nd,nd,Valor de pressão muito baixo. noartigo dizem (124.44 psi)
67,78,,2018,Maji et al 2018,não encontro,PP,UP + CIP,UP + CIP,,,,1,nd,nd,,0,nd,90,10,100,nd,0.200,0.400,nd,nd,Y2O3,3.00,nd,1650.0,2.00,nd,nd,nd,nd,nd,nd,nd,0.31,nd,nd,0.67,nd,nd,nd,nd,nd,,12.95,0.90,nd,vickers,49,nd,nd,nd,nd,nd,nd,nd,nd,nd,nd,nd,nd,6.7 (SEPNB),0.92,6.70,0.92,nd,SEPNB,nd,nd,nd,nd,nd,nd,Valor de pressão muito baixo. noartigo dizem (124.44 psi)
68,79,,2018,Maji et al 2018,não encontro,PP,UP + CIP,UP + CIP,,,,1,nd,nd,,0,nd,85,15,100,nd,0.200,0.400,nd,nd,Y2O3,3.00,nd,1650.0,2.00,nd,nd,nd,nd,nd,nd,nd,nd,nd,nd,nd,nd,nd,nd,nd,nd,,13.08,0.20,nd,vickers,49,nd,nd,nd,nd,nd,nd,nd,nd,nd,nd,nd,nd,6.55 (SEPNB),0.95,6.55,0.95,nd,SEPNB,nd,nd,nd,nd,nd,nd,Valor de pressão muito baixo. noartigo dizem (124.44 psi)
69,80,,2018,Maji et al 2018,não encontro,PP,UP + CIP,UP + CIP,,,,1,nd,nd,,0,nd,80,20,100,nd,0.200,0.400,nd,nd,Y2O3,3.00,nd,1650.0,2.00,nd,nd,nd,nd,nd,nd,nd,0.26,nd,nd,0.78,nd,nd,nd,nd,nd,,13.20,0.31,nd,vickers,49,nd,nd,nd,nd,nd,nd,nd,nd,nd,nd,nd,nd,6.4 (SEPNB),0.90,6.40,0.90,nd,SEPNB,nd,nd,nd,nd,nd,nd,Valor de pressão muito baixo. noartigo dizem (124.44 psi)
70,81,,2018,Maji et al 2018,não encontro,PP,UP + CIP,UP + CIP,,,,1,nd,nd,,0,nd,75,25,100,nd,0.200,0.400,nd,nd,Y2O3,3.00,nd,1650.0,2.00,nd,nd,nd,nd,nd,nd,nd,nd,nd,nd,nd,nd,nd,nd,nd,nd,,13.33,0.45,nd,vickers,49,nd,nd,nd,nd,nd,nd,nd,nd,nd,nd,nd,nd,6.25 (SEPNB),0.17,6.25,0.17,nd,SEPNB,nd,nd,nd,nd,nd,nd,Valor de pressão muito baixo. noartigo dizem (124.44 psi)
71,82,,2018,Maji et al 2018,não encontro,PP,UP + CIP,UP + CIP,,,,1,nd,nd,,0,nd,70,30,100,nd,0.200,0.400,nd,nd,Y2O3,3.00,nd,1650.0,2.00,nd,nd,nd,nd,nd,nd,nd,0.21,nd,nd,0.87,nd,nd,nd,nd,nd,,13.45,0.24,nd,vickers,49,nd,nd,nd,nd,nd,nd,nd,nd,nd,nd,nd,nd,6.1 (SEPNB),0.14,6.10,0.14,nd,SEPNB,nd,nd,nd,nd,nd,nd,Valor de pressão muito baixo. noartigo dizem (124.44 psi)
72,83,Check,2004,Moraes et al 2004 ,não encontro,PP,UP,UP,,,,1,55.00,,,0,nd,100,0,100,1,0.350,0.000,0.350,Citric Acid (0.6 % wt) / Polyethylene glicol (2 %wt),Y2O3,3.00,nd,1550.0,2.00,nd,nd,nd,nd,99.46,0.08,nd,nd,nd,150,nd,nd,nd,210.00,nd,nd,RoM,13.20,0.48,30,vickers,98.1,nd,nd,nd,736.55,nd,nd,nd,nd,nd,nd,nd,nd,"4.77 (anstis), 7.16 (casellas), 6.82 (Niihara)","0.24, 0.36, 0.19",4.77,0.24,60,Anstis,nd,nd,nd,nd,nd,nd,
73,84,Check,2004,Moraes et al 2004 ,não encontro,PP,UP,UP,,,,1,55.00,,,0,nd,72,28,100,nd,0.350,0.440,nd,Citric Acid (0.6 % wt) / Polyethylene glicol (2 %wt),Y2O3,3.00,nd,1550.0,2.00,nd,nd,nd,nd,99.60,0.46,nd,nd,nd,150,nd,nd,150,230.64,nd,nd,RoM,15.44,0.46,30,vickers,98.1,nd,nd,nd,755.35,nd,nd,nd,nd,nd,nd,nd,nd,"5.00 (anstis), 7.49 (casellas), 7.15 (Niihara)","0.32, 0.48, 0.27",5.00,0.32,60,Anstis,nd,nd,nd,nd,nd,nd,
74,85,Check,2004,Moraes et al 2004 ,não encontro,PP,UP,UP,,,,1,55.00,,,0,nd,15,85,100,nd,0.350,0.440,nd,Citric Acid (0.6 % wt) / Polyethylene glicol (2 %wt),Y2O3,3.00,nd,1550.0,2.00,nd,nd,nd,nd,99.55,0.04,nd,nd,nd,150,nd,nd,150,324.79,nd,nd,RoM,17.14,0.38,30,vickers,98.1,nd,nd,nd,510.79,nd,nd,nd,nd,nd,nd,nd,nd,"4.57 (anstis), 6.85 (casellas), 6.54 (Niihara)","0.69, 1.04, 0.96",4.57,0.69,60,Anstis,nd,nd,nd,nd,nd,nd,
75,86,Check,2004,Moraes et al 2004 ,não encontro,PP,UP,UP,,,,1,55.00,,,0,nd,10,90,100,nd,0.350,0.440,nd,Citric Acid (0.6 % wt) / Polyethylene glicol (2 %wt),Y2O3,3.00,nd,1550.0,2.00,nd,nd,nd,nd,99.52,0.35,nd,nd,nd,150,nd,nd,150,338.85,nd,nd,RoM,17.38,0.23,30,vickers,98.1,nd,nd,nd,491.14,nd,nd,nd,nd,nd,nd,nd,nd,"4.43 (anstis), 6.65 (casellas), 6.34 (Niihara)","0.54, 0.81, 0.74",4.43,0.54,60,Anstis,nd,nd,nd,nd,nd,nd,
76,87,Check,2004,Moraes et al 2004 ,não encontro,PP,UP,UP,,,,1,55.00,,,0,nd,7,93,100,nd,0.350,0.440,nd,Citric Acid (0.6 % wt) / Polyethylene glicol (2 %wt),Y2O3,3.00,nd,1550.0,2.00,nd,nd,nd,nd,99.35,0.20,nd,nd,nd,150,nd,nd,150,351.54,nd,nd,RoM,17.41,0.21,30,vickers,98.1,nd,nd,nd,473.13,nd,nd,nd,nd,nd,nd,nd,nd,"4.29 (anstis), 6.43 (casellas), 6.14 (Niihara)","0.38, 0.57, 0.53",4.29,0.38,60,Anstis,nd,nd,nd,nd,nd,nd,
77,88,Check,2004,Moraes et al 2004 ,não encontro,PP,UP,UP,,,,1,55.00,,,0,nd,3,97,100,nd,0.350,0.440,nd,Citric Acid (0.6 % wt) / Polyethylene glicol (2 %wt),Y2O3,3.00,nd,1550.0,2.00,nd,nd,nd,nd,99.29,0.10,nd,nd,nd,150,nd,nd,150,365.22,nd,nd,RoM,17.48,0.76,30,vickers,98.1,nd,nd,nd,441.40,nd,nd,nd,nd,nd,nd,nd,nd,"4.25 (anstis), 6.38 (casellas). 6.09 (Niihara)","0.60, 0.89, 0.89",4.25,0.60,60,Anstis,nd,nd,nd,nd,nd,nd,
78,89,Check,2004,Moraes et al 2004 ,não encontro,PP,UP,UP,,,,1,55.00,,,0,nd,0,100,100,0,0.000,0.440,0.440,Citric Acid (0.6 % wt) / Polyethylene glicol (2 %wt),,,nd,1550.0,2.00,nd,nd,nd,nd,99.13,0.13,nd,nd,nd,150,nd,nd,150,380.00,nd,nd,RoM,17.53,0.52,30,vickers,98.1,nd,nd,nd,396.71,nd,nd,nd,nd,nd,nd,nd,nd,"4.06 (anstis), 6.10 (casellas), 5.81 (Niihara)","0.36, 0.54, 0.54",4.06,0.36,60,Anstis,nd,nd,nd,nd,nd,nd,
79,91,,2015,Xu et al 2015,"CCT - Gelcasting,",CCT,Slip Casting ,Slip Casting,,SC,,0,,,,0,nd,0,100,100,0,0.000,0.330,0.330,0.625 wt% Curdlan,,,50.0,1550.0,2.00,2.38,nd,nd,19.20,98.30,nd,nd,nd,nd,nd,nd,nd,nd,nd,nd,nd,,nd,nd,nd,,,347.00,14.00,10,nd,nd,nd,nd,nd,nd,nd,nd,nd,nd,nd,nd,nd,nd,,nd,nd,nd,nd,nd,nd,
80,92,,2015,Xu et al 2015,"CCT - Gelcasting,",CCT,Slip Casting ,Slip Casting,,SC,,0,,,,0,nd,0,100,100,0,0.000,0.330,0.330,0.75 wt% Curdlan,,,50.0,1550.0,2.00,2.14,nd,nd,17.90,97.60,nd,nd,nd,nd,nd,nd,nd,nd,nd,nd,nd,,nd,nd,nd,,,325.00,25.00,10,nd,nd,nd,nd,nd,nd,nd,nd,nd,nd,nd,nd,nd,nd,,nd,nd,nd,nd,nd,nd,
81,93,,2014,Idzkowska et al 2014,"CCT - Gelcasting,",CCT,Slip Casting ,Slip Casting,,SC,,0,,,,0,nd,100,0,100,1,0.400,0.000,0.400,4 wt% of glycerol monoacrylate,Y2O3,3.00,40.0,1650.0,1.00,nd,nd,nd,nd,99.00,nd,nd,0.84,nd,nd,nd,nd,nd,nd,nd,nd,,nd,nd,nd,,,nd,nd,nd,nd,nd,nd,749.00,140.00,10.00,nd,nd,nd,nd,nd,nd,nd,nd,,nd,nd,nd,nd,nd,nd,
82,94,Check,2017,Zhang et al 2017,"CCT - Gelcasting,",CCT,Gelcasting,Gelcasting,,GC,,0,,,,0,nd,0,100,100,0,0.000,0.450,0.450,"0.2 wt% Isobam 600AF, 0.1 wt% Isobam104, 0.5 vol% TMAH, gelled at RT",,,56.0,1550.0,3.00,nd,nd,nd,nd,nd,nd,nd,nd,nd,nd,nd,nd,nd,nd,nd,nd,,nd,nd,nd,,,531.00,13,nd,nd,nd,nd,nd,nd,nd,nd,nd,nd,nd,nd,nd,nd,nd,,nd,nd,nd,nd,nd,nd,
83,95,Check,2017,Zhang et al 2017,"CCT - Gelcasting,",CCT,Gelcasting,Gelcasting,,GC,,0,,,,0,nd,0,100,100,0,0.000,0.450,0.450,"0.2 wt% Isobam 600AF, 0.1 wt% Isobam104, 0.5 vol% TMAH, gelled at RT",,,58.0,1550.0,3.00,nd,nd,nd,nd,nd,nd,nd,nd,nd,nd,nd,nd,nd,nd,nd,nd,,nd,nd,nd,,,546.00,10,nd,nd,nd,nd,nd,nd,nd,nd,nd,nd,nd,nd,nd,nd,nd,,nd,nd,nd,nd,nd,nd,
84,96,Check,2013,Khoshkalam et al 2013,"CCT - Gelcasting,",CCT,Gelcasting,Gelcasting,,GC,,0,,,,0,nd,0,100,100,0,0.000,1.550,1.550,15 wt% AM. 0.6 wt% MBAM. 0.6 wt% ammonium polyacrylate as dispersant. 0.15 wt% Polymerization initiator APS (ammonium persulfate). 0.15 wt% catalyst TEMED (tetramethylethylenediamine).,,,50.0,1650.0,4.00,nd,nd,nd,nd,96.60,nd,nd,nd,nd,nd,nd,nd,nd,nd,nd,nd,,17.50,2.50,6,vickers,98.1,320.00,20,nd,nd,nd,nd,nd,nd,nd,nd,nd,nd,3.8 (Anstis),0.40,3.80,0.40,6,Anstis,nd,nd,nd,nd,nd,nd,
85,97,Check,2013,Khoshkalam et al 2013,"CCT - Gelcasting,",CCT,Gelcasting,Gelcasting,,GC,,0,,,,0,nd,10,90,100,nd,5.000,1.550,nd,15 wt% AM. 0.6 wt% MBAM. 0.6 wt% ammonium polyacrylate as dispersant. 0.15 wt% Polymerization initiator APS (ammonium persulfate). 0.15 wt% catalyst TEMED (tetramethylethylenediamine).,nd,0.00,50.0,1650.0,4.00,nd,nd,nd,nd,96.60,nd,nd,nd,nd,nd,nd,nd,nd,nd,nd,nd,,17.50,2.50,6,vickers,98.1,375.00,45,nd,nd,nd,nd,nd,nd,nd,nd,nd,nd,4.4 (Anstis),0.30,4.40,0.30,6,Anstis,nd,nd,nd,nd,nd,nd,
86,98,Check,2013,Khoshkalam et al 2013,"CCT - Gelcasting,",CCT,Gelcasting,Gelcasting,,GC,,0,,,,0,nd,15,85,100,nd,5.000,1.550,nd,15 wt% AM. 0.6 wt% MBAM. 0.6 wt% ammonium polyacrylate as dispersant. 0.15 wt% Polymerization initiator APS (ammonium persulfate). 0.15 wt% catalyst TEMED (tetramethylethylenediamine).,nd,0.00,50.0,1650.0,4.00,nd,nd,nd,nd,96.60,nd,nd,nd,nd,nd,nd,nd,nd,nd,nd,nd,,17.00,2.00,6,vickers,98.1,390.00,30,nd,nd,nd,nd,nd,nd,nd,nd,nd,nd,4.3 (Anstis),0.30,4.30,0.30,6,Anstis,nd,nd,nd,nd,nd,nd,
87,99,Check,2013,Khoshkalam et al 2013,"CCT - Gelcasting,",CCT,Gelcasting,Gelcasting,,GC,,0,,,,0,nd,20,80,100,nd,5.000,1.550,nd,15 wt% AM. 0.6 wt% MBAM. 0.6 wt% ammonium polyacrylate as dispersant. 0.15 wt% Polymerization initiator APS (ammonium persulfate). 0.15 wt% catalyst TEMED (tetramethylethylenediamine).,nd,0.00,50.0,1650.0,4.00,nd,nd,nd,nd,96.60,nd,nd,nd,nd,nd,1.75,nd,nd,nd,nd,nd,,17.00,2.50,6,vickers,98.1,390.00,30,nd,nd,nd,nd,nd,nd,nd,nd,nd,nd,3.9 (Anstis),0.40,3.90,0.40,6,Anstis,nd,nd,nd,nd,nd,nd,
88,100,Check,2014,Warcholinski et al 2014,"CCT - Slipcasting,",CCT,Slip Casting,Slip Casting,,SC,,0,,,,0,nd,0,100,100,0,0.000,0.500,0.500,Dolapix FF 7,,,nd,1550.0,nd,nd,nd,nd,nd,97.00,nd,nd,nd,nd,nd,3.5,nd,nd,nd,nd,nd,,15.30,nd,nd,vickers,20,300.00,nd,nd,nd,nd,nd,nd,nd,nd,nd,nd,nd,4.5 (SEBN),nd,4.50,nd,nd,SEBN,nd,nd,nd,nd,nd,nd,
89,101,Check,2014,Warcholinski et al 2014,"CCT - Slipcasting,",CCT,Slip Casting,Slip Casting,,SC,,0,,,,0,nd,7,93,100,nd,0.050,0.500,nd,Dolapix FF 7 (Zircónia usada estabilizada com 5.3 % itria,Y2O3,3.00,nd,1550.0,nd,nd,nd,nd,nd,97.00,nd,nd,nd,nd,nd,nd,nd,nd,nd,nd,nd,,16.50,nd,nd,vickers,20,430.00,nd,nd,nd,nd,nd,nd,nd,nd,nd,nd,nd,6.5 (SEBN),nd,6.50,nd,nd,SEBN,nd,nd,nd,nd,nd,nd,
90,102,Check,2014,Warcholinski et al 2014,"CCT - Slipcasting,",CCT,Slip Casting,Slip Casting,,SC,,0,,,,0,nd,10,90,100,nd,0.050,0.500,nd,Dolapix FF 7 (Zircónia usada estabilizada com 5.3 % itria,Y2O3,3.00,nd,1550.0,nd,nd,nd,nd,nd,98.00,nd,nd,nd,nd,nd,2,nd,nd,nd,nd,nd,,16.80,nd,nd,vickers,20,490.00,nd,nd,nd,nd,nd,nd,nd,nd,nd,nd,nd,6.9 (SEBN),nd,6.90,nd,nd,SEBN,nd,nd,nd,nd,nd,nd,
91,103,Check,2014,Warcholinski et al 2014,"CCT - Slipcasting,",CCT,Slip Casting,Slip Casting,,SC,,0,,,,0,nd,14,86,100,nd,0.050,0.500,nd,Dolapix FF 7 (Zircónia usada estabilizada com 5.3 % itria,Y2O3,3.00,nd,1550.0,nd,nd,nd,nd,nd,98.00,nd,nd,nd,nd,nd,nd,nd,nd,nd,nd,nd,,15.70,nd,nd,vickers,20,480.00,nd,nd,nd,nd,nd,nd,nd,nd,nd,nd,nd,6 (SEBN),nd,6.00,nd,nd,SEBN,nd,nd,nd,nd,nd,nd,
92,104,Check,2013,Naglieri et al 2013,"CCT - Slipcasting, PPT - Uniaxial,",CCT,Slip Casting,Slip Casting,,SC,,0,,,,0,nd,5,95,100,nd,nd,nd,nd,nd,Y2O3,3.00,27.0,1500.0,1.00,nd,nd,nd,nd,99.00,nd,nd,0.26,nd,nd,0.88,nd,nd,nd,nd,nd,,18.14,0.39,10,vickers,98.1,nd,nd,nd,nd,nd,nd,nd,nd,nd,nd,nd,nd,2.7 (Anstis),0.21,2.70,0.21,10,Anstis,nd,nd,nd,nd,nd,nd,
93,105,Check,2013,Naglieri et al 2013,"CCT - Slipcasting, PPT - Uniaxial,",CCT,Slip Casting,Slip Casting,,SC,,0,,,,0,nd,10,90,100,nd,nd,nd,nd,nd,Y2O3,3.00,26.5,1500.0,1.00,nd,nd,nd,nd,100.00,nd,nd,0.31,nd,nd,0.81,nd,nd,nd,nd,nd,,17.70,0.00,10,vickers,98.1,nd,nd,nd,nd,nd,nd,nd,nd,nd,nd,nd,nd,3.55 (Anstis),0.30,3.55,0.30,10,Anstis,nd,nd,nd,nd,nd,nd,
94,106,Check,2013,Naglieri et al 2013,"CCT - Slipcasting, PPT - Uniaxial,",CCT,Slip Casting,Slip Casting,,SC,,0,,,,0,nd,15,85,100,nd,nd,nd,nd,nd,Y2O3,3.00,26.0,1500.0,1.00,nd,nd,nd,nd,100.00,nd,nd,0.31,nd,nd,0.75,nd,nd,nd,nd,nd,,16.38,0.25,10,vickers,98.1,nd,nd,nd,nd,nd,nd,nd,nd,nd,nd,nd,nd,3.3 (Anstis),0.10,3.30,0.10,10,Anstis,nd,nd,nd,nd,nd,nd,
95,107,Check,2013,Naglieri et al 2013,"CCT - Slipcasting, PPT - Uniaxial,",CCT,Slip Casting,Slip Casting,,SC,,0,,,,0,nd,20,80,100,nd,nd,nd,nd,nd,Y2O3,3.00,25.0,1500.0,1.00,nd,nd,nd,nd,100.00,nd,nd,0.36,nd,nd,0.70,nd,nd,nd,nd,nd,,16.08,0.29,10,vickers,98.1,nd,nd,nd,nd,nd,nd,nd,nd,nd,nd,nd,nd,3.05 (Anstis),0.06,3.05,0.06,10,Anstis,nd,nd,nd,nd,nd,nd,
96,108,Check,2012,Pabst et al 2012,"CCT - Slipcasting,",CCT,Slip Casting,Slip Casting,,SC,,0,,,,0,nd,100,0,100,1,0.200,0.000,0.200,1 wt% Dolapix  CE64 (Zircónia com 3-mol% itria),Y2O3,3.00,27.7,1350.0,2.00,nd,nd,nd,20.70,98.00,nd,nd,nd,nd,nd,nd,nd,nd,218.20,nd,nd,IET,nd,nd,nd,,,nd,nd,nd,nd,nd,nd,nd,nd,nd,nd,nd,nd,nd,nd,nd,nd,nd,,nd,nd,nd,nd,nd,nd,
97,109,Check,2012,Pabst et al 2012,"CCT - Slipcasting,",CCT,Slip Casting,Slip Casting,,SC,,0,,,,0,nd,90,10,100,nd,0.200,0.150,nd,1 wt% Dolapix  CE64 (Zircónia com 3-mol% itria),Y2O3,3.00,28.6,1350.0,2.00,nd,nd,nd,20.30,98.40,nd,nd,nd,nd,nd,nd,nd,nd,218.90,nd,nd,IET,nd,nd,nd,,,nd,nd,nd,nd,nd,nd,nd,nd,nd,nd,nd,nd,nd,nd,nd,nd,nd,,nd,nd,nd,nd,nd,nd,
98,110,Check,2012,Pabst et al 2012,"CCT - Slipcasting,",CCT,Slip Casting,Slip Casting,,SC,,0,,,,0,nd,80,20,100,nd,0.200,0.150,nd,1 wt% Dolapix  CE64 (Zircónia com 3-mol% itria),Y2O3,3.00,29.5,1350.0,2.00,nd,nd,nd,19.80,97.50,nd,nd,nd,nd,nd,nd,nd,nd,221.80,nd,nd,IET,nd,nd,nd,,,nd,nd,nd,nd,nd,nd,nd,nd,nd,nd,nd,nd,nd,nd,nd,nd,nd,,nd,nd,nd,nd,nd,nd,
99,111,Check,2012,Pabst et al 2012,"CCT - Slipcasting,",CCT,Slip Casting,Slip Casting,,SC,,0,,,,0,nd,70,30,100,nd,0.200,0.150,nd,1 wt% Dolapix  CE64 (Zircónia com 3-mol% itria),Y2O3,3.00,30.4,1350.0,2.00,nd,nd,nd,18.80,96.50,nd,nd,nd,nd,nd,nd,nd,nd,229.40,nd,nd,IET,nd,nd,nd,,,nd,nd,nd,nd,nd,nd,nd,nd,nd,nd,nd,nd,nd,nd,nd,nd,nd,,nd,nd,nd,nd,nd,nd,
100,112,Check,2012,Pabst et al 2012,"CCT - Slipcasting,",CCT,Slip Casting,Slip Casting,,SC,,0,,,,0,nd,60,40,100,nd,0.200,0.150,nd,1 wt% Dolapix  CE64 (Zircónia com 3-mol% itria),Y2O3,3.00,31.3,1350.0,2.00,nd,nd,nd,17.20,92.30,nd,nd,nd,nd,nd,nd,nd,nd,251.00,nd,nd,IET,nd,nd,nd,,,nd,nd,nd,nd,nd,nd,nd,nd,nd,nd,nd,nd,nd,nd,nd,nd,nd,,nd,nd,nd,nd,nd,nd,
101,113,Check,2012,Pabst et al 2012,"CCT - Slipcasting,",CCT,Slip Casting,Slip Casting,,SC,,0,,,,0,nd,50,50,100,nd,0.200,0.150,nd,1 wt% Dolapix  CE64 (Zircónia com 3-mol% itria),Y2O3,3.00,32.3,1350.0,2.00,nd,nd,nd,15.60,95.00,nd,nd,nd,nd,nd,nd,nd,nd,273.70,nd,nd,IET,nd,nd,nd,,,nd,nd,nd,nd,nd,nd,nd,nd,nd,nd,nd,nd,nd,nd,nd,nd,nd,,nd,nd,nd,nd,nd,nd,
102,114,Check,2012,Pabst et al 2012,"CCT - Slipcasting,",CCT,Slip Casting,Slip Casting,,SC,,0,,,,0,nd,40,60,100,nd,0.200,0.150,nd,1 wt% Dolapix  CE64 (Zircónia com 3-mol% itria),Y2O3,3.00,33.0,1350.0,2.00,nd,nd,nd,15.00,93.70,nd,nd,nd,nd,nd,nd,nd,nd,272.20,nd,nd,IET,nd,nd,nd,,,nd,nd,nd,nd,nd,nd,nd,nd,nd,nd,nd,nd,nd,nd,nd,nd,nd,,nd,nd,nd,nd,nd,nd,
103,115,Check,2012,Pabst et al 2012,"CCT - Slipcasting,",CCT,Slip Casting,Slip Casting,,SC,,0,,,,0,nd,30,70,100,nd,0.200,0.150,nd,1 wt% Dolapix  CE64 (Zircónia com 3-mol% itria),Y2O3,3.00,34.1,1350.0,2.00,nd,nd,nd,15.70,92.70,nd,nd,nd,nd,nd,nd,nd,nd,314.10,nd,nd,IET,nd,nd,nd,,,nd,nd,nd,nd,nd,nd,nd,nd,nd,nd,nd,nd,nd,nd,nd,nd,nd,,nd,nd,nd,nd,nd,nd,
104,116,Check,2012,Pabst et al 2012,"CCT - Slipcasting,",CCT,Slip Casting,Slip Casting,,SC,,0,,,,0,nd,20,80,100,nd,0.200,0.150,nd,1 wt% Dolapix  CE64 (Zircónia com 3-mol% itria),Y2O3,3.00,35.0,1350.0,2.00,nd,nd,nd,14.60,93.30,nd,nd,nd,nd,nd,nd,nd,nd,336.10,nd,nd,IET,nd,nd,nd,,,nd,nd,nd,nd,nd,nd,nd,nd,nd,nd,nd,nd,nd,nd,nd,nd,nd,,nd,nd,nd,nd,nd,nd,
105,117,Check,2012,Pabst et al 2012,"CCT - Slipcasting,",CCT,Slip Casting,Slip Casting,,SC,,0,,,,0,nd,10,90,100,nd,0.200,0.150,nd,1 wt% Dolapix  CE64 (Zircónia com 3-mol% itria),Y2O3,3.00,35.9,1350.0,2.00,nd,nd,nd,14.20,95.70,nd,nd,nd,nd,nd,nd,nd,nd,374.80,nd,nd,IET,nd,nd,nd,,,nd,nd,nd,nd,nd,nd,nd,nd,nd,nd,nd,nd,nd,nd,nd,nd,nd,,nd,nd,nd,nd,nd,nd,
106,118,Check,2012,Pabst et al 2012,"CCT - Slipcasting,",CCT,Slip Casting,Slip Casting,,SC,,0,,,,0,nd,0,100,100,0,0.000,0.150,0.150,1 wt% Dolapix  CE64 (Zircónia com 3-mol% itria),,,36.8,1350.0,2.00,nd,nd,nd,14.40,98.90,nd,nd,nd,nd,nd,nd,nd,nd,397.10,nd,nd,IET,nd,nd,nd,,,nd,nd,nd,nd,nd,nd,nd,nd,nd,nd,nd,nd,nd,nd,nd,nd,nd,,nd,nd,nd,nd,nd,nd,
107,119,,2013,Rayón et al 2013,"CCT - Slipcasting,",CCT,Slip Casting,Slip Casting,,SC,,0,,,,0,nd,100,0,100,1,0.900,0.000,0.900,H2O/EtOH (90:10),Y2O3,3.00,28.0,1300.0,2.00,nd,nd,nd,nd,98.90,nd,nd,0.25,nd,nd,nd,nd,nd,250.00,nd,nd,berkovich,17.00,nd,nd,berkovich,nd,nd,nd,nd,nd,nd,nd,nd,nd,nd,nd,nd,nd,nd,nd,nd,nd,nd,,nd,nd,nd,nd,nd,nd,
108,120,,2013,Rayón et al 2013,"CCT - Slipcasting,",CCT,Slip Casting,Slip Casting,,SC,,0,,,,0,nd,100,0,100,1,0.400,0.000,0.400,1.5 wt% Duramax,Y2O3,3.00,30.0,1400.0,2.00,nd,nd,nd,nd,nd,nd,nd,0.20,nd,nd,nd,nd,nd,250.00,nd,nd,berkovich,17.00,nd,nd,berkovich,nd,nd,nd,nd,nd,nd,nd,nd,nd,nd,nd,nd,nd,nd,nd,nd,nd,nd,,nd,nd,nd,nd,nd,nd,
109,121,Check,2016,"Aboras et al 2016, Aboras et al 2019","CCT - Slipcasting, CCT - Gelcasting, PPT - Isostatic,",CCT,Slip Casting + CIP,Slip Casting,,SC,,0,,200.00,,0,nd,100,0,100,1,nd,0.000,nd,0.4 wt% PEI + 200 MPa ,Y2O3,3.00,7.3,1600.0,2.00,nd,nd,nd,nd,98.90,0.60,nd,0.50,nd,nd,nd,nd,nd,nd,nd,nd,,14.40,0.50,nd,vickers ,nd,nd,nd,nd,nd,nd,nd,975.00,95.00,nd,nd,nd,nd,nd,nd,nd,nd,nd,,nd,nd,nd,nd,nd,nd,
110,122,Check,2016,"Aboras et al 2016, Aboras et al 2019","CCT - Slipcasting, CCT - Gelcasting, PPT - Isostatic,",CCT,Slip Casting,Slip Casting,,SC,,0,,,,0,nd,100,0,100,1,nd,0.000,nd,0.4 wt% PEI,Y2O3,3.00,7.3,1600.0,2.00,nd,nd,nd,nd,93.00,0.60,nd,0.49,nd,nd,nd,nd,nd,nd,nd,nd,,9.80,0.60,nd,vickers ,nd,nd,nd,nd,nd,nd,nd,755.00,80.00,nd,nd,nd,nd,nd,nd,nd,nd,nd,,nd,nd,nd,nd,nd,nd,
111,123,Check,2013,Hassanin et al 2013,"CCT - Slipcasting,",CCT,Slip Casting,Slip Casting,,SC,,0,,,,0,nd,100,0,100,1,0.400,0.000,0.400,Duramax D-3005,Y2O3,nd,50.0,1500.0,2.00,21.0,nd,nd,nd,98.60,nd,nd,3.14,nd,nd,nd,nd,nd,nd,nd,nd,,14.70,nd,nd,vickers ,9.8,497.00,nd,nd,nd,nd,nd,nd,nd,nd,nd,nd,nd,nd,nd,nd,nd,nd,,nd,nd,nd,nd,nd,nd,
112,124,Check,2013,Hassanin et al 2013,"CCT - Slipcasting,",CCT,Slip Casting,Slip Casting,,SC,,0,,,,0,nd,100,0,100,1,0.650,0.000,0.650,Duramax D-3005,Y2O3,nd,50.0,1500.0,2.00,20.9,nd,nd,nd,98.50,nd,nd,2.74,nd,nd,nd,nd,nd,nd,nd,nd,,14.65,nd,nd,vickers ,9.8,508.00,nd,nd,nd,nd,nd,nd,nd,nd,nd,nd,nd,nd,nd,nd,nd,nd,,nd,nd,nd,nd,nd,nd,
113,125,Check,2013,Hassanin et al 2013,"CCT - Slipcasting,",CCT,Slip Casting,Slip Casting,,SC,,0,,,,0,nd,100,0,100,1,1.000,0.000,1.000,Duramax D-3005,Y2O3,nd,50.0,1500.0,2.00,18.9,nd,nd,nd,98.00,nd,nd,2.79,nd,nd,nd,nd,nd,nd,nd,nd,,14.50,nd,nd,vickers ,9.8,315.00,nd,nd,nd,nd,nd,nd,nd,nd,nd,nd,nd,nd,nd,nd,nd,nd,,nd,nd,nd,nd,nd,nd,
114,126,Check,2013,Hassanin et al 2013,"CCT - Slipcasting,",CCT,Slip Casting,Slip Casting,,SC,,0,,,,0,nd,100,0,100,1,1.900,0.000,1.900,Duramax D-3005,Y2O3,nd,50.0,1500.0,2.00,18.1,nd,nd,nd,95.10,nd,nd,2.97,nd,nd,nd,nd,nd,nd,nd,nd,,14.00,nd,nd,vickers ,9.8,210.00,nd,nd,nd,nd,nd,nd,nd,nd,nd,nd,nd,nd,nd,nd,nd,nd,,nd,nd,nd,nd,nd,nd,
115,127,Check,2016,Hao et al 2016,"CCT - Slipcasting, PPT - Isostatic,",CCT,Slip Casting,Slip Casting,,SC,,0,,,,0,nd,100,0,100,1,0.020,0.000,0.020,0.4 wt.% of 0.005 M PEI,Y2O3,3.00,7.3,1600.0,2.00,nd,nd,nd,nd,92.00,nd,nd,0.57,nd,nd,nd,nd,nd,nd,nd,nd,,10.40,0.10,6,vickers ,1.96,nd,nd,nd,nd,nd,nd,nd,nd,nd,nd,nd,nd,nd,nd,nd,nd,nd,,nd,nd,nd,nd,nd,nd,
116,128,Check,2016,Hao et al 2016,"CCT - Slipcasting, PPT - Isostatic,",PP,UP + CIP,UP + CIP,,,,1,25.00,200.00,,0,nd,100,0,100,1,0.020,0.000,0.020,nd,Y2O3,3.00,nd,1600.0,2.00,nd,nd,nd,nd,98.00,nd,nd,0.61,nd,nd,nd,nd,nd,nd,nd,nd,,12.40,0.20,6,vickers ,1.96,nd,nd,nd,nd,nd,nd,nd,nd,nd,nd,nd,nd,nd,nd,nd,nd,nd,,nd,nd,nd,nd,nd,nd,
117,129,Check,2016,Hao et al 2016,"CCT - Slipcasting, PPT - Isostatic,",CCT,Slip Casting + CIP,Slip Casting,,SC,,0,,200.00,,0,nd,100,0,100,1,0.020,0.000,0.020,0.4 wt.% of 0.005 M PEI + 200 MPa ,Y2O3,3.00,7.3,1600.0,2.00,nd,nd,nd,nd,99.00,nd,nd,0.52,nd,nd,nd,nd,nd,nd,nd,nd,,14.40,0.10,6,vickers ,1.96,nd,nd,nd,nd,nd,nd,nd,nd,nd,nd,nd,nd,nd,nd,nd,nd,nd,,nd,nd,nd,nd,nd,nd,
118,130,Check,2006,Bermejo et al 2006,"CCT - Slipcasting,",CCT,Slip Casting,Slip Casting,,SC,,0,,,,0,nd,5,95,100,nd,0.370,0.290,nd,0.8% Duramax-3021,Y2O3,3.00,36.6,1550.0,2.00,nd,nd,nd,nd,99.00,nd,nd,0.45,nd,nd,2.50,nd,nd,390.00,10.00,nd,IET,16.30,nd,nd,vickers ,30,nd,nd,nd,422.00,30.00,nd,nd,nd,nd,nd,nd,nd,3.2 (anstis),0.20,3.20,0.20,nd,Anstis,9.82,nd,nd,nd,nd,nd,
119,131,Check,2018,Rowthu et al 2018,"CCT - Slipcasting,",CCT,Slip Casting,Slip Casting,,SC,,0,,,,0,nd,0,100,100,0,0.000,0.150,0.150,1-Octanol + polyacrylic acid (PAA),,,25.0,1300.0,1.00,nd,nd,nd,nd,93.20,2.70,10,nd,nd,nd,0.30,0.07,nd,nd,nd,nd,,nd,nd,nd,,,nd,nd,nd,370.00,149.50,10,nd,nd,nd,nd,nd,nd,nd,nd,nd,nd,nd,,nd,nd,nd,nd,nd,nd,
120,132,Check,2018,Rowthu et al 2018,"CCT - Slipcasting,",CCT,Slip Casting,Slip Casting,,SC,,0,,,,0,nd,0,100,100,0,0.000,0.150,0.150,1-Octanol + polyacrylic acid (PAA),,,25.0,1350.0,1.00,nd,nd,nd,nd,94.40,2.70,10,nd,nd,nd,0.51,0.15,nd,nd,nd,nd,,nd,nd,nd,,,nd,nd,nd,337.50,62.50,10,nd,nd,nd,nd,nd,nd,nd,nd,nd,nd,nd,,nd,nd,nd,nd,nd,nd,
121,133,Check,2018,Rowthu et al 2018,"CCT - Slipcasting,",CCT,Slip Casting,Slip Casting,,SC,,0,,,,0,nd,0,100,100,0,0.000,0.150,0.150,1-Octanol + polyacrylic acid (PAA),,,25.0,1400.0,1.00,nd,nd,nd,nd,96.70,2.00,10,nd,nd,nd,0.85,0.25,nd,nd,nd,nd,,nd,nd,nd,,,nd,nd,nd,440.00,120.00,10,nd,nd,nd,nd,nd,nd,nd,nd,nd,nd,nd,,nd,nd,nd,nd,nd,nd,
122,134,Check,2018,Rowthu et al 2018,"CCT - Slipcasting,",CCT,Slip Casting,Slip Casting,,SC,,0,,,,0,nd,0,100,100,0,0.000,0.150,0.150,1-Octanol + polyacrylic acid (PAA),,,25.0,1500.0,1.00,nd,nd,nd,nd,98.00,1.00,10,nd,nd,nd,1.59,0.86,nd,nd,nd,nd,,nd,nd,nd,,,nd,nd,nd,367.00,43.00,10,nd,nd,nd,nd,nd,nd,nd,nd,nd,nd,nd,,nd,nd,nd,nd,nd,nd,
123,135,,2012,Xie et al 2012,"CCT - Gelcasting,",CCT,Gelcasting,Gelcasting,,GC,,0,,,,0,nd,0,100,100,0,0.000,0.500,0.500,15 wt% Hydantion epoxy resin + 0.65 wt% HydroDisper A168,,,50.0,1550.0,2.00,nd,nd,nd,nd,97.00,0.60,nd,nd,nd,nd,nd,nd,nd,nd,nd,nd,,nd,nd,nd,,,300.20,34.10,nd,nd,nd,nd,nd,nd,nd,nd,nd,nd,nd,nd,nd,nd,nd,,nd,nd,nd,nd,nd,nd,
124,148,,2005,Hotta et al 2005,"CCT - Slipcasting,",CCT,Slip Casting,Slip Casting,,SC,,0,,,,0,nd,0,100,100,0,0.000,0.500,0.500,2 wt % CERUNA D-305,,,50.0,1550.0,2.00,nd,nd,nd,nd,nd,nd,nd,nd,nd,nd,nd,nd,nd,nd,nd,nd,,nd,nd,nd,,,nd,nd,nd,531.00,nd,nd,nd,nd,nd,26.00,nd,nd,3.7 (SEPB),nd,3.70,nd,nd,SEPB,nd,nd,nd,nd,nd,nd,
125,149,,2013,Xie et al 2013,"CCT - Gelcasting,",CCT,Gelcasting,Gelcasting,,GC,,0,,,,0,nd,0,100,100,0,0.000,0.500,0.500,10 wt% EGDGE + DPTA,,,50.0,1550.0,2.00,nd,nd,nd,nd,nd,nd,nd,nd,nd,nd,nd,nd,nd,nd,nd,nd,,nd,nd,nd,,,335.47,37.77,12,nd,nd,nd,nd,nd,nd,9.20,nd,12.00,nd,nd,nd,nd,nd,,nd,nd,nd,nd,nd,nd,
126,150,,2013,Xie et al 2013,"CCT - Gelcasting,",CCT,Gelcasting,Gelcasting,,GC,,0,,,,0,nd,0,100,100,0,0.000,0.500,0.500,15 wt% EGDGE + DPTA,,,50.0,1550.0,2.00,nd,nd,nd,nd,nd,nd,nd,nd,nd,nd,nd,nd,nd,nd,nd,nd,,nd,nd,nd,,,355.07,27.69,20,nd,nd,nd,nd,nd,nd,14.52,nd,20.00,nd,nd,nd,nd,nd,,nd,nd,nd,nd,nd,nd,
127,151,,2013,Xie et al 2013,"CCT - Gelcasting,",CCT,Gelcasting,Gelcasting,,GC,,0,,,,0,nd,0,100,100,0,0.000,0.500,0.500,20 wt% EGDGE + DPTA,,,50.0,1550.0,2.00,nd,nd,nd,nd,nd,nd,nd,nd,nd,nd,nd,nd,nd,nd,nd,nd,,nd,nd,nd,,,315.90,26.02,20,nd,nd,nd,nd,nd,nd,13.33,nd,20.00,nd,nd,nd,nd,nd,,nd,nd,nd,nd,nd,nd,
128,152,,2011,He et al 2011,"CCT - Gelcasting,",CCT,Gelcasting,Gelcasting,,GC,,0,,,,0,nd,0,100,100,0,0.000,nd,nd,3 wt% EW + Duramax D-3005 + 0.1 vol%  1-Octanol PH (80 ºC/1h),,,55.0,1600.0,2.00,nd,nd,nd,14.50,99.50,0.30,nd,nd,nd,nd,nd,nd,nd,nd,nd,nd,,nd,nd,nd,,,280.00,15.00,nd,nd,nd,nd,nd,nd,nd,nd,nd,nd,nd,nd,nd,nd,nd,,nd,nd,nd,nd,nd,nd,
129,153,,2011,He et al 2011,"CCT - Gelcasting,",CCT,Gelcasting,Gelcasting,,GC,,0,,,,0,nd,0,100,100,0,0.000,nd,nd,4 wt% EW + Duramax D-3005 + 0.1 vol%  1-Octanol PH (80 ºC/1h),,,55.0,1600.0,2.00,nd,nd,nd,15.40,98.60,0.30,nd,nd,nd,nd,nd,nd,nd,nd,nd,nd,,nd,nd,nd,,,280.00,10.00,nd,nd,nd,nd,nd,nd,nd,nd,nd,nd,nd,nd,nd,nd,nd,,nd,nd,nd,nd,nd,nd,
130,154,,2011,He et al 2011,"CCT - Gelcasting,",CCT,Gelcasting,Gelcasting,,GC,,0,,,,0,nd,0,100,100,0,0.000,nd,nd,5 wt% EW + Duramax D-3005 + 0.1 vol%  1-Octanol PH (80 ºC/1h),,,55.0,1600.0,2.00,nd,nd,nd,14.80,98.30,0.40,nd,nd,nd,nd,nd,nd,nd,nd,nd,nd,,nd,nd,nd,,,275.00,5.00,nd,nd,nd,nd,nd,nd,nd,nd,nd,nd,nd,nd,nd,nd,nd,,nd,nd,nd,nd,nd,nd,
131,155,,2011,He et al 2011,"CCT - Gelcasting,",CCT,Gelcasting,Gelcasting,,GC,,0,,,,0,nd,0,100,100,0,0.000,nd,nd,6 wt% EW + Duramax D-3005 + 0.1 vol%  1-Octanol PH (80 ºC/1h),,,55.0,1600.0,2.00,nd,nd,nd,15.40,98.00,0.10,nd,nd,nd,nd,nd,nd,nd,nd,nd,nd,,nd,nd,nd,,,290.00,10.00,nd,nd,nd,nd,nd,nd,nd,13.40,nd,nd,nd,nd,nd,nd,nd,,nd,nd,nd,nd,nd,nd,
132,156,,2011,He et al 2011,"CCT - Gelcasting,",CCT,Gelcasting,Gelcasting,,GC,,0,,,,0,nd,0,100,100,0,0.000,nd,nd,7 wt% EW + Duramax D-3005 + 0.1 vol%  1-Octanol PH (80 ºC/1h),,,55.0,1600.0,2.00,nd,nd,nd,16.00,97.40,0.30,nd,nd,nd,nd,nd,nd,nd,nd,nd,nd,,nd,nd,nd,,,260.00,20.00,nd,nd,nd,nd,nd,nd,nd,nd,nd,nd,nd,nd,nd,nd,nd,,nd,nd,nd,nd,nd,nd,
133,157,,2011,He et al 2011,"CCT - Gelcasting,",CCT,Gelcasting,Gelcasting,,GC,,0,,,,0,nd,0,100,100,0,0.000,nd,nd,3 wt% EW + Duramax D-3005 + 0.1 vol%  1-Octanol DI (RT/48h),,,55.0,1600.0,2.00,nd,nd,nd,13.90,99.20,0.10,nd,nd,nd,nd,nd,nd,nd,nd,nd,nd,,nd,nd,nd,,,245.00,15.00,nd,nd,nd,nd,nd,nd,nd,nd,nd,nd,nd,nd,nd,nd,nd,,nd,nd,nd,nd,nd,nd,
134,158,,2011,He et al 2011,"CCT - Gelcasting,",CCT,Gelcasting,Gelcasting,,GC,,0,,,,0,nd,0,100,100,0,0.000,nd,nd,4 wt% EW + Duramax D-3005 + 0.1 vol%  1-Octanol DI (RT/48h),,,55.0,1600.0,2.00,nd,nd,nd,15.50,98.30,0.30,nd,nd,nd,nd,nd,nd,nd,nd,nd,nd,,nd,nd,nd,,,250.00,10.00,nd,nd,nd,nd,nd,nd,nd,nd,nd,nd,nd,nd,nd,nd,nd,,nd,nd,nd,nd,nd,nd,
135,159,,2011,He et al 2011,"CCT - Gelcasting,",CCT,Gelcasting,Gelcasting,,GC,,0,,,,0,nd,0,100,100,0,0.000,nd,nd,5 wt% EW + Duramax D-3005 + 0.1 vol%  1-Octanol DI (RT/48h),,,55.0,1600.0,2.00,nd,nd,nd,14.10,97.90,0.20,nd,nd,nd,nd,nd,nd,nd,nd,nd,nd,,nd,nd,nd,,,260.00,10.00,nd,nd,nd,nd,nd,nd,nd,nd,nd,nd,nd,nd,nd,nd,nd,,nd,nd,nd,nd,nd,nd,
136,160,,2011,He et al 2011,"CCT - Gelcasting,",CCT,Gelcasting,Gelcasting,,GC,,0,,,,0,nd,0,100,100,0,0.000,nd,nd,6 wt% EW + Duramax D-3005 + 0.1 vol%  1-Octanol DI (RT/48h),,,55.0,1600.0,2.00,nd,nd,nd,14.20,97.75,0.30,nd,nd,nd,nd,nd,nd,nd,nd,nd,nd,,nd,nd,nd,,,265.00,5.00,nd,nd,nd,nd,nd,nd,nd,3.90,nd,nd,nd,nd,nd,nd,nd,,nd,nd,nd,nd,nd,nd,
137,161,,2011,He et al 2011,"CCT - Gelcasting,",CCT,Gelcasting,Gelcasting,,GC,,0,,,,0,nd,0,100,100,0,0.000,nd,nd,7 wt% EW + Duramax D-3005 + 0.1 vol%  1-Octanol DI (RT/48h),,,55.0,1600.0,2.00,nd,nd,nd,14.70,96.90,0.20,nd,nd,nd,nd,nd,nd,nd,nd,nd,nd,,nd,nd,nd,,,240.00,0.00,nd,nd,nd,nd,nd,nd,nd,nd,nd,nd,nd,nd,nd,nd,nd,,nd,nd,nd,nd,nd,nd,
138,162,Check,2013,Tulliani et al 2013,"CCT - Gelcasting,",CCT,Gelcasting,Gelcasting,,GC,,0,,,,0,nd,100,0,100,1,0.600,0.000,0.600,1.28 vol% Dolapix PC33 + 19.12 vol% Sigma Agar,Y2O3,3.00,19.1,1550.0,2.00,nd,nd,nd,nd,93.00,1.20,nd,nd,nd,nd,nd,nd,nd,170.00,6.00,nd,berkovich,14.80,0.70,nd,berkovich,0.65,nd,nd,nd,413.00,110.00,nd,nd,nd,nd,nd,nd,nd,nd,nd,nd,nd,nd,,nd,nd,nd,nd,nd,nd,
139,163,,2016,Sun et al 2016,"CCT - Gelcasting,",CCT,Gelcasting,Gelcasting,,GC,,0,,,,0,nd,0,100,100,0,0.000,0.450,0.450,0.3 wt% PIBM + 0 wt% of EGDGE,,,50.0,1550.0,3.00,nd,nd,nd,nd,98.36,0.18,nd,nd,nd,nd,nd,nd,nd,nd,nd,nd,,nd,nd,nd,,,459.00,18.00,5,nd,nd,nd,nd,nd,nd,nd,nd,nd,nd,nd,nd,nd,nd,,nd,nd,nd,nd,nd,nd,
140,164,,2016,Sun et al 2016,"CCT - Gelcasting,",CCT,Gelcasting,Gelcasting,,GC,,0,,,,0,nd,0,100,100,0,0.000,0.450,0.450,0.3 wt% PIBM + 0.3 wt% of EGDGE,,,50.0,1550.0,3.00,nd,nd,nd,nd,98.84,0.16,nd,nd,nd,nd,nd,nd,nd,nd,nd,nd,,nd,nd,nd,,,469.00,31.00,5,nd,nd,nd,nd,nd,nd,nd,nd,nd,nd,nd,nd,nd,nd,,nd,nd,nd,nd,nd,nd,
141,165,,2016,Sun et al 2016,"CCT - Gelcasting,",CCT,Gelcasting,Gelcasting,,GC,,0,,,,0,nd,0,100,100,0,0.000,0.450,0.450,0.3 wt% PIBM + 0.6 wt% of EGDGE,,,50.0,1550.0,3.00,nd,nd,nd,nd,99.05,0.06,nd,nd,nd,nd,nd,nd,nd,nd,nd,nd,,nd,nd,nd,,,511.00,59.00,5,nd,nd,nd,nd,nd,nd,nd,nd,nd,nd,nd,nd,nd,nd,,nd,nd,nd,nd,nd,nd,
142,166,,2016,Sun et al 2016,"CCT - Gelcasting,",CCT,Gelcasting,Gelcasting,,GC,,0,,,,0,nd,0,100,100,0,0.000,0.450,0.450,0.3 wt% PIBM + 0.9 wt% of EGDGE,,,50.0,1550.0,3.00,nd,nd,nd,nd,98.70,0.00,nd,nd,nd,nd,nd,nd,nd,nd,nd,nd,,nd,nd,nd,,,460.00,20.00,5,nd,nd,nd,nd,nd,nd,nd,nd,nd,nd,nd,nd,nd,nd,,nd,nd,nd,nd,nd,nd,
143,167,Check,2018,Chin et al 2018,"CCT - Slipcasting, PPT - Isostatic,",CCT,Slip Casting,Slip Casting,,SC,,0,,,,0,nd,100,0,100,1,0.035,0.000,0.035,HNO3 + 0.4 wt% PEI,Y2O3,3.00,7.0,1450.0,2.00,nd,nd,nd,nd,93.00,2.00,6,0.30,nd,nd,nd,nd,nd,nd,nd,nd,,8.32,nd,6,vickers,1.96,nd,nd,nd,nd,nd,nd,nd,nd,nd,nd,nd,nd,nd,nd,nd,nd,nd,,nd,nd,nd,nd,nd,nd,
144,168,Check,2018,Chin et al 2018,"CCT - Slipcasting, PPT - Isostatic,",CCT,Slip Casting,Slip Casting,,SC,,0,,,,0,nd,100,0,100,1,0.035,0.000,0.035,HNO3 + 0.4 wt% PEI,Y2O3,3.00,7.0,1500.0,2.00,nd,nd,nd,nd,95.00,0.50,6,0.35,nd,nd,nd,nd,nd,nd,nd,nd,,11.00,nd,6,vickers,1.96,nd,nd,nd,nd,nd,nd,nd,nd,nd,nd,nd,nd,nd,nd,nd,nd,nd,,nd,nd,nd,nd,nd,nd,
145,169,Check,2018,Chin et al 2018,"CCT - Slipcasting, PPT - Isostatic,",CCT,Slip Casting,Slip Casting,,SC,,0,,,,0,nd,100,0,100,1,0.035,0.000,0.035,HNO3 + 0.4 wt% PEI,Y2O3,3.00,7.0,1550.0,2.00,nd,nd,nd,nd,98.50,0.10,6,0.40,nd,nd,nd,nd,nd,nd,nd,nd,,12.50,nd,6,vickers,1.96,nd,nd,nd,nd,nd,nd,nd,nd,nd,nd,nd,nd,nd,nd,nd,nd,nd,,nd,nd,nd,nd,nd,nd,
146,170,Check,2018,Chin et al 2018,"CCT - Slipcasting, PPT - Isostatic,",CCT,Slip Casting,Slip Casting,,SC,,0,,,,0,nd,100,0,100,1,0.035,0.000,0.035,HNO3 + 0.4 wt% PEI,Y2O3,3.00,7.0,1600.0,2.00,nd,nd,nd,nd,99.50,0.10,6,0.55,nd,nd,nd,nd,nd,nd,nd,nd,,12.70,nd,6,vickers,1.96,nd,nd,nd,nd,nd,nd,nd,nd,nd,nd,nd,nd,nd,nd,nd,nd,nd,,nd,nd,nd,nd,nd,nd,
147,171,Check,2018,Chin et al 2018,"CCT - Slipcasting, PPT - Isostatic,",CCT,Slip Casting,Slip Casting,,SC,,0,,,,0,nd,100,0,100,1,0.035,0.000,0.035,HNO3 + 0.4 wt% PEI,Y2O3,3.00,7.0,1650.0,2.00,nd,nd,nd,nd,99.00,0.10,6,0.71,nd,nd,nd,nd,nd,nd,nd,nd,,13.00,nd,6,vickers,1.96,nd,nd,nd,nd,nd,nd,nd,nd,nd,nd,nd,nd,nd,nd,nd,nd,nd,,nd,nd,nd,nd,nd,nd,
148,172,Check,2018,Chin et al 2018,"CCT - Slipcasting, PPT - Isostatic,",PP,UP + CIP,UP + CIP,,,,1,25.00,200.00,,0,nd,100,0,100,1,0.035,0.000,0.035,200 MPa 1min,Y2O3,3.00,nd,1450.0,2.00,nd,nd,nd,nd,92.00,0.10,6,0.40,nd,nd,nd,nd,nd,nd,nd,nd,,2.32,nd,6,vickers,1.96,nd,nd,nd,nd,nd,nd,nd,nd,nd,nd,nd,nd,nd,nd,nd,nd,nd,,nd,nd,nd,nd,nd,nd,
149,173,Check,2018,Chin et al 2018,"CCT - Slipcasting, PPT - Isostatic,",PP,UP + CIP,UP + CIP,,,,1,25.00,200.00,,0,nd,100,0,100,1,0.035,0.000,0.035,200 MPa 1min,Y2O3,3.00,nd,1500.0,2.00,nd,nd,nd,nd,94.00,0.10,6,0.59,nd,nd,nd,nd,nd,nd,nd,nd,,5.50,nd,6,vickers,1.96,nd,nd,nd,nd,nd,nd,nd,nd,nd,nd,nd,nd,nd,nd,nd,nd,nd,,nd,nd,nd,nd,nd,nd,
150,174,Check,2018,Chin et al 2018,"CCT - Slipcasting, PPT - Isostatic,",PP,UP + CIP,UP + CIP,,,,1,25.00,200.00,,0,nd,100,0,100,1,0.035,0.000,0.035,200 MPa 1min,Y2O3,3.00,nd,1550.0,2.00,nd,nd,nd,nd,93.50,0.10,6,0.59,nd,nd,nd,nd,nd,nd,nd,nd,,10.50,nd,6,vickers,1.96,nd,nd,nd,nd,nd,nd,nd,nd,nd,nd,nd,nd,nd,nd,nd,nd,nd,,nd,nd,nd,nd,nd,nd,
